model id,score,arch,learning_rate,batch_size
1744589259.3402731,17.279836654663086,mobilenetv2,0.0009422826315669756,32
1744591240.344742,16.165769577026367,yolo,0.0017586225237505772,16
